{"Mean":{"confidence_interval":{"confidence_level":0.95,"lower_bound":0.04844121026238001,"upper_bound":0.11846263143351894},"point_estimate":0.08655362753660545,"standard_error":0.017807365069572104},"Median":{"confidence_interval":{"confidence_level":0.95,"lower_bound":0.14040058734243122,"upper_bound":0.16359108745751394},"point_estimate":0.15706995627175013,"standard_error":0.005610847893845448}}