{"Mean":{"confidence_interval":{"confidence_level":0.95,"lower_bound":29502.621407159746,"upper_bound":32294.175825678984},"point_estimate":30941.019920934687,"standard_error":715.2102384219293},"Median":{"confidence_interval":{"confidence_level":0.95,"lower_bound":33911.193644156454,"upper_bound":34576.46730786432},"point_estimate":34281.90918819497,"standard_error":165.51171817033588},"MedianAbsDev":{"confidence_interval":{"confidence_level":0.95,"lower_bound":574.4973982830211,"upper_bound":1278.7603290324432},"point_estimate":919.1831612492906,"standard_error":171.4173517260182},"Slope":{"confidence_interval":{"confidence_level":0.95,"lower_bound":34436.77464339457,"upper_bound":35194.52328275919},"point_estimate":34815.956360044154,"standard_error":193.47932653600043},"StdDev":{"confidence_interval":{"confidence_level":0.95,"lower_bound":5919.71526793607,"upper_bound":8197.773907306613},"point_estimate":7207.7579058092415,"standard_error":584.0622975909957}}