{"Mean":{"confidence_interval":{"confidence_level":0.95,"lower_bound":57059.75573415692,"upper_bound":63600.15678367975},"point_estimate":60386.24524161731,"standard_error":1676.1342742539637},"Median":{"confidence_interval":{"confidence_level":0.95,"lower_bound":57696.19250903762,"upper_bound":73551.81456236469},"point_estimate":72934.14188912747,"standard_error":4109.267256507033},"MedianAbsDev":{"confidence_interval":{"confidence_level":0.95,"lower_bound":1126.2331636651697,"upper_bound":22129.533491300295},"point_estimate":2027.0620939219198,"standard_error":3588.1194233105302},"Slope":{"confidence_interval":{"confidence_level":0.95,"lower_bound":70796.60346204462,"upper_bound":72788.27112879152},"point_estimate":71944.07352943874,"standard_error":510.8332099906137},"StdDev":{"confidence_interval":{"confidence_level":0.95,"lower_bound":15423.718421988237,"upper_bound":17944.704318249365},"point_estimate":16846.914697823173,"standard_error":640.4175907075665}}