{"Mean":{"confidence_interval":{"confidence_level":0.95,"lower_bound":3261.532794442583,"upper_bound":3476.9445683851686},"point_estimate":3376.9372549453096,"standard_error":55.256089435865796},"Median":{"confidence_interval":{"confidence_level":0.95,"lower_bound":3540.1715418388276,"upper_bound":3596.358993580364},"point_estimate":3570.215519945079,"standard_error":12.58147491742559},"MedianAbsDev":{"confidence_interval":{"confidence_level":0.95,"lower_bound":70.01243827453938,"upper_bound":136.99692347763045},"point_estimate":103.10343411905444,"standard_error":18.03201307397932},"Slope":{"confidence_interval":{"confidence_level":0.95,"lower_bound":3603.701173547825,"upper_bound":3623.337197307946},"point_estimate":3614.4911253986784,"standard_error":5.016656977015517},"StdDev":{"confidence_interval":{"confidence_level":0.95,"lower_bound":336.2466594092708,"upper_bound":721.3946811129176},"point_estimate":555.7365495612801,"standard_error":97.7594563682753}}