{"Mean":{"confidence_interval":{"confidence_level":0.95,"lower_bound":34052843.61515295,"upper_bound":37774566.208534636},"point_estimate":35892247.67011974,"standard_error":949436.7092194005},"Median":{"confidence_interval":{"confidence_level":0.95,"lower_bound":29829571.378917783,"upper_bound":32594067.8335281},"point_estimate":30416825.06246803,"standard_error":905517.9396120672},"MedianAbsDev":{"confidence_interval":{"confidence_level":0.95,"lower_bound":3131400.4651753195,"upper_bound":9683541.19347412},"point_estimate":5500873.253566476,"standard_error":1643192.7523005325},"Slope":{"confidence_interval":{"confidence_level":0.95,"lower_bound":41900710.78991105,"upper_bound":45479963.701663226},"point_estimate":43881971.73516181,"standard_error":914271.3807267119},"StdDev":{"confidence_interval":{"confidence_level":0.95,"lower_bound":8675246.858336717,"upper_bound":10182497.595243337},"point_estimate":9556442.322208546,"standard_error":383335.2351951648}}