{"Mean":{"confidence_interval":{"confidence_level":0.95,"lower_bound":32503208.01037338,"upper_bound":35524383.7900588},"point_estimate":34019029.40240457,"standard_error":771473.2053725389},"Median":{"confidence_interval":{"confidence_level":0.95,"lower_bound":30708802.191699605,"upper_bound":38760591.59596273},"point_estimate":36158630.211373,"standard_error":2425171.353358737},"MedianAbsDev":{"confidence_interval":{"confidence_level":0.95,"lower_bound":6789541.116991489,"upper_bound":11775079.842450337},"point_estimate":9420735.541589042,"standard_error":1276748.4619619758},"Slope":{"confidence_interval":{"confidence_level":0.95,"lower_bound":39055487.99571611,"upper_bound":40883626.66163372},"point_estimate":40051138.078555904,"standard_error":466922.9337753339},"StdDev":{"confidence_interval":{"confidence_level":0.95,"lower_bound":7115700.939850956,"upper_bound":8353605.017607323},"point_estimate":7793922.421668957,"standard_error":315286.372168003}}