{"Mean":{"confidence_interval":{"confidence_level":0.95,"lower_bound":379009.90332103387,"upper_bound":394581.4408416508},"point_estimate":386884.8194830264,"standard_error":3981.1300016454984},"Median":{"confidence_interval":{"confidence_level":0.95,"lower_bound":375584.16032487,"upper_bound":388177.8105565378},"point_estimate":382213.95871440787,"standard_error":3195.74532571649},"MedianAbsDev":{"confidence_interval":{"confidence_level":0.95,"lower_bound":19303.271677301847,"upper_bound":50137.94669322564},"point_estimate":29234.18389875872,"standard_error":6977.607485869256},"Slope":{"confidence_interval":{"confidence_level":0.95,"lower_bound":410180.0458318325,"upper_bound":421474.01306988177},"point_estimate":416426.6000767828,"standard_error":2879.1472680074753},"StdDev":{"confidence_interval":{"confidence_level":0.95,"lower_bound":33247.45306110701,"upper_bound":45851.18393865807},"point_estimate":39833.53175947986,"standard_error":3227.8680384798245}}