{"Mean":{"confidence_interval":{"confidence_level":0.95,"lower_bound":829850.0511580572,"upper_bound":871300.3707932818},"point_estimate":849849.4170999969,"standard_error":10589.774521195353},"Median":{"confidence_interval":{"confidence_level":0.95,"lower_bound":818033.733634707,"upper_bound":838101.2612747445},"point_estimate":824566.6781865763,"standard_error":5302.216696307845},"MedianAbsDev":{"confidence_interval":{"confidence_level":0.95,"lower_bound":22880.812566268836,"upper_bound":84650.10722304568},"point_estimate":53880.211846310594,"standard_error":18406.74507866765},"Slope":{"confidence_interval":{"confidence_level":0.95,"lower_bound":846651.2634113737,"upper_bound":880626.3905490657},"point_estimate":864597.3745241507,"standard_error":8660.566017297573},"StdDev":{"confidence_interval":{"confidence_level":0.95,"lower_bound":76066.81269814832,"upper_bound":132722.29401868765},"point_estimate":106038.76504550024,"standard_error":14527.280847970895}}