{"Mean":{"confidence_interval":{"confidence_level":0.95,"lower_bound":3718180.474817892,"upper_bound":4494682.9496626295},"point_estimate":4101886.604553436,"standard_error":198447.44618946008},"Median":{"confidence_interval":{"confidence_level":0.95,"lower_bound":2587303.7750361767,"upper_bound":3582688.642492339},"point_estimate":2592601.8721803715,"standard_error":275270.34504713566},"MedianAbsDev":{"confidence_interval":{"confidence_level":0.95,"lower_bound":13482.112901933899,"upper_bound":1491285.34987066},"point_estimate":119064.86464583897,"standard_error":417510.95963852445},"Slope":{"confidence_interval":{"confidence_level":0.95,"lower_bound":2936297.2076329538,"upper_bound":3445109.810616444},"point_estimate":3154930.3459479576,"standard_error":130507.14093839932},"StdDev":{"confidence_interval":{"confidence_level":0.95,"lower_bound":1774592.8338585738,"upper_bound":2159766.7966687554},"point_estimate":1998835.92299009,"standard_error":98160.47722211096}}