{"Mean":{"confidence_interval":{"confidence_level":0.95,"lower_bound":18055.863986128374,"upper_bound":19452.45537126439},"point_estimate":18798.76536913695,"standard_error":357.4080517409298},"Median":{"confidence_interval":{"confidence_level":0.95,"lower_bound":19776.46530333964,"upper_bound":20189.985278144963},"point_estimate":20016.07662459701,"standard_error":96.54061379147653},"MedianAbsDev":{"confidence_interval":{"confidence_level":0.95,"lower_bound":488.2377295603546,"upper_bound":950.5141383263855},"point_estimate":699.6996713284811,"standard_error":113.72456036409808},"Slope":{"confidence_interval":{"confidence_level":0.95,"lower_bound":19722.77068112274,"upper_bound":20077.355531193207},"point_estimate":19898.982213747546,"standard_error":90.28734090637114},"StdDev":{"confidence_interval":{"confidence_level":0.95,"lower_bound":2385.7572994268826,"upper_bound":4511.898692181218},"point_estimate":3593.1018735926264,"standard_error":545.5890736745333}}