{"Mean":{"confidence_interval":{"confidence_level":0.95,"lower_bound":94198.7889440894,"upper_bound":103643.39597415633},"point_estimate":98750.25763557319,"standard_error":2415.728438089313},"Median":{"confidence_interval":{"confidence_level":0.95,"lower_bound":89881.68637668302,"upper_bound":90459.08725602756},"point_estimate":90059.80475623728,"standard_error":140.23645068304057},"MedianAbsDev":{"confidence_interval":{"confidence_level":0.95,"lower_bound":907.1141823990399,"upper_bound":1920.2690212064572},"point_estimate":1222.2654669333056,"standard_error":272.1732610937173},"Slope":{"confidence_interval":{"confidence_level":0.95,"lower_bound":106873.76206052025,"upper_bound":123488.26535819848},"point_estimate":115614.40873596,"standard_error":4248.197517913998},"StdDev":{"confidence_interval":{"confidence_level":0.95,"lower_bound":19774.87137212587,"upper_bound":27859.50696376353},"point_estimate":24349.804902380252,"standard_error":2070.305369948071}}