{"Mean":{"confidence_interval":{"confidence_level":0.95,"lower_bound":15878924.395718222,"upper_bound":18230712.681160744},"point_estimate":17065923.08320807,"standard_error":601101.1057211176},"Median":{"confidence_interval":{"confidence_level":0.95,"lower_bound":16578769.515763832,"upper_bound":19260960.19044944},"point_estimate":18329294.083714038,"standard_error":729679.2388199831},"MedianAbsDev":{"confidence_interval":{"confidence_level":0.95,"lower_bound":4776836.44568103,"upper_bound":7708800.444253429},"point_estimate":6076138.569004052,"standard_error":745728.3989213229},"Slope":{"confidence_interval":{"confidence_level":0.95,"lower_bound":21107014.096943676,"upper_bound":22649571.20391753},"point_estimate":21940858.966020424,"standard_error":395497.67961978744},"StdDev":{"confidence_interval":{"confidence_level":0.95,"lower_bound":5294630.122546423,"upper_bound":6642782.32905928},"point_estimate":6027620.947573284,"standard_error":343752.83436644595}}