{"Mean":{"confidence_interval":{"confidence_level":0.95,"lower_bound":999424.2834148047,"upper_bound":1084651.8507193238},"point_estimate":1039258.0368348467,"standard_error":21699.63128975371},"Median":{"confidence_interval":{"confidence_level":0.95,"lower_bound":958497.8974573903,"upper_bound":1028033.96412865},"point_estimate":987958.2118823883,"standard_error":16595.313370146043},"MedianAbsDev":{"confidence_interval":{"confidence_level":0.95,"lower_bound":69565.82406576851,"upper_bound":106726.91567991581},"point_estimate":91029.00897357751,"standard_error":8888.63524565876},"Slope":{"confidence_interval":{"confidence_level":0.95,"lower_bound":981783.6217738133,"upper_bound":1018883.0484705872},"point_estimate":1001033.4542009338,"standard_error":9475.808886991379},"StdDev":{"confidence_interval":{"confidence_level":0.95,"lower_bound":148427.40091136348,"upper_bound":272572.251981875},"point_estimate":217533.1433609605,"standard_error":31722.879204514014}}