{"Mean":{"confidence_interval":{"confidence_level":0.95,"lower_bound":28925.443694909576,"upper_bound":32527.655974136876},"point_estimate":30791.124007161387,"standard_error":920.4634458208824},"Median":{"confidence_interval":{"confidence_level":0.95,"lower_bound":33238.30932678357,"upper_bound":33939.38681710251},"point_estimate":33486.274066163875,"standard_error":204.30035460669944},"MedianAbsDev":{"confidence_interval":{"confidence_level":0.95,"lower_bound":2134.0391311468265,"upper_bound":4208.763098564503},"point_estimate":3230.085006042912,"standard_error":504.97174145526265},"Slope":{"confidence_interval":{"confidence_level":0.95,"lower_bound":34269.592376624554,"upper_bound":35075.89775566438},"point_estimate":34655.399198779145,"standard_error":205.7450771692611},"StdDev":{"confidence_interval":{"confidence_level":0.95,"lower_bound":7345.862358905476,"upper_bound":10683.780570318198},"point_estimate":9257.671192726479,"standard_error":851.7548465341528}}