{"Mean":{"confidence_interval":{"confidence_level":0.95,"lower_bound":3907549.0095027266,"upper_bound":4744312.2457458},"point_estimate":4321238.881516388,"standard_error":213618.74004358528},"Median":{"confidence_interval":{"confidence_level":0.95,"lower_bound":2601024.14480986,"upper_bound":4042718.6719806762},"point_estimate":2607115.0392165026,"standard_error":431487.76761743467},"MedianAbsDev":{"confidence_interval":{"confidence_level":0.95,"lower_bound":12432.035928198466,"upper_bound":2148821.5610779454},"point_estimate":208537.54965459768,"standard_error":623479.8414960894},"Slope":{"confidence_interval":{"confidence_level":0.95,"lower_bound":3022274.98259214,"upper_bound":3613212.415987243},"point_estimate":3278102.192814292,"standard_error":150975.517817273},"StdDev":{"confidence_interval":{"confidence_level":0.95,"lower_bound":1942727.8508497737,"upper_bound":2293729.116779407},"point_estimate":2149631.1876947167,"standard_error":90018.49294496654}}