{"Mean":{"confidence_interval":{"confidence_level":0.95,"lower_bound":10379.789666509869,"upper_bound":11485.097513085277},"point_estimate":10950.773227513611,"standard_error":282.2649321129193},"Median":{"confidence_interval":{"confidence_level":0.95,"lower_bound":11647.246381842182,"upper_bound":12458.753327522052},"point_estimate":12110.300196075197,"standard_error":267.9932341781485},"MedianAbsDev":{"confidence_interval":{"confidence_level":0.95,"lower_bound":1357.2325642450678,"upper_bound":3005.9746178662003},"point_estimate":2117.616590700274,"standard_error":452.9863028785249},"Slope":{"confidence_interval":{"confidence_level":0.95,"lower_bound":12474.664009308932,"upper_bound":12877.785358563347},"point_estimate":12687.96863096192,"standard_error":102.96166102104026},"StdDev":{"confidence_interval":{"confidence_level":0.95,"lower_bound":2303.5919367198326,"upper_bound":3304.0335502549933},"point_estimate":2842.822248959282,"standard_error":255.37043943520666}}