{"Mean":{"confidence_interval":{"confidence_level":0.95,"lower_bound":196544325.96228513,"upper_bound":199358388.38354594},"point_estimate":197994053.0208033,"standard_error":718415.2718016467},"Median":{"confidence_interval":{"confidence_level":0.95,"lower_bound":199589673.50766283,"upper_bound":202107670.52888888},"point_estimate":200739303.08890718,"standard_error":623278.1996209701},"MedianAbsDev":{"confidence_interval":{"confidence_level":0.95,"lower_bound":2530425.4881486194,"upper_bound":5523845.286964081},"point_estimate":3646877.3402389097,"standard_error":781980.8903438535},"Slope":{"confidence_interval":{"confidence_level":0.95,"lower_bound":201188012.04405606,"upper_bound":202312532.69476244},"point_estimate":201738154.76953647,"standard_error":288131.97197605827},"StdDev":{"confidence_interval":{"confidence_level":0.95,"lower_bound":6073292.431910395,"upper_bound":8138492.24196484},"point_estimate":7225909.62112963,"standard_error":525957.264026024}}