{"Mean":{"confidence_interval":{"confidence_level":0.95,"lower_bound":53423.940146319575,"upper_bound":59807.51081864483},"point_estimate":56650.987043371184,"standard_error":1635.9757770553672},"Median":{"confidence_interval":{"confidence_level":0.95,"lower_bound":39776.18825996223,"upper_bound":69835.42102216576},"point_estimate":69525.19793278401,"standard_error":5152.715418135615},"MedianAbsDev":{"confidence_interval":{"confidence_level":0.95,"lower_bound":1087.68028282189,"upper_bound":19813.89886144725},"point_estimate":1640.7540542147829,"standard_error":3763.2217382786766},"Slope":{"confidence_interval":{"confidence_level":0.95,"lower_bound":66914.24715170522,"upper_bound":69026.27725363777},"point_estimate":68128.34990049897,"standard_error":542.0564961019692},"StdDev":{"confidence_interval":{"confidence_level":0.95,"lower_bound":15259.370740741912,"upper_bound":17265.208779542303},"point_estimate":16430.95916482858,"standard_error":509.8716453686027}}