{"Mean":{"confidence_interval":{"confidence_level":0.95,"lower_bound":55157004.06293062,"upper_bound":58966667.73998184},"point_estimate":57051373.78848831,"standard_error":972881.1030328328},"Median":{"confidence_interval":{"confidence_level":0.95,"lower_bound":50154670.55537919,"upper_bound":59234157.12063492},"point_estimate":50796469.74434073,"standard_error":2635341.991154031},"MedianAbsDev":{"confidence_interval":{"confidence_level":0.95,"lower_bound":3317101.0112086306,"upper_bound":14512160.530717239},"point_estimate":6996215.858869125,"standard_error":2903048.232493436},"Slope":{"confidence_interval":{"confidence_level":0.95,"lower_bound":63315515.974830434,"upper_bound":66886214.21638117},"point_estimate":65283124.696872346,"standard_error":911951.8008377202},"StdDev":{"confidence_interval":{"confidence_level":0.95,"lower_bound":8888902.45858303,"upper_bound":10485592.781210342},"point_estimate":9791605.580116872,"standard_error":404842.7983590179}}