{"Mean":{"confidence_interval":{"confidence_level":0.95,"lower_bound":3311.149471015054,"upper_bound":3543.48702207333},"point_estimate":3433.994766875686,"standard_error":59.185944075979634},"Median":{"confidence_interval":{"confidence_level":0.95,"lower_bound":3608.7100727937654,"upper_bound":3704.3152533488183},"point_estimate":3659.7850952240256,"standard_error":22.294577524387865},"MedianAbsDev":{"confidence_interval":{"confidence_level":0.95,"lower_bound":109.52956296299979,"upper_bound":232.1964473665105},"point_estimate":157.67850580235609,"standard_error":29.68480678671383},"Slope":{"confidence_interval":{"confidence_level":0.95,"lower_bound":3714.4220019371787,"upper_bound":3753.299730678446},"point_estimate":3734.8582373807994,"standard_error":9.852232976524549},"StdDev":{"confidence_interval":{"confidence_level":0.95,"lower_bound":424.84458984150484,"upper_bound":735.5621096106363},"point_estimate":596.7932690114089,"standard_error":79.49945465249334}}