{"Mean":{"confidence_interval":{"confidence_level":0.95,"lower_bound":18085.8996967774,"upper_bound":19514.432850880967},"point_estimate":18850.126395515144,"standard_error":366.932732364317},"Median":{"confidence_interval":{"confidence_level":0.95,"lower_bound":19838.414817598758,"upper_bound":20267.46649218192},"point_estimate":20039.609049056093,"standard_error":103.1777758297547},"MedianAbsDev":{"confidence_interval":{"confidence_level":0.95,"lower_bound":571.6989972551679,"upper_bound":1059.0454195960904},"point_estimate":849.1428832458569,"standard_error":113.36560664266537},"Slope":{"confidence_interval":{"confidence_level":0.95,"lower_bound":19798.24428917087,"upper_bound":20191.83277536018},"point_estimate":19994.63493828815,"standard_error":100.53123718389757},"StdDev":{"confidence_interval":{"confidence_level":0.95,"lower_bound":2447.8665293833665,"upper_bound":4616.447987205418},"point_estimate":3676.5896535141906,"standard_error":555.9876954076445}}