{"Mean":{"confidence_interval":{"confidence_level":0.95,"lower_bound":575247.6498959784,"upper_bound":711427.7966683947},"point_estimate":638698.2501427028,"standard_error":34811.539971784994},"Median":{"confidence_interval":{"confidence_level":0.95,"lower_bound":511994.72435725044,"upper_bound":516389.1521986564},"point_estimate":514517.1738880591,"standard_error":1084.0928127509526},"MedianAbsDev":{"confidence_interval":{"confidence_level":0.95,"lower_bound":4721.590553100738,"upper_bound":9850.990447792468},"point_estimate":7464.255653986226,"standard_error":1373.5660368758276},"Slope":{"confidence_interval":{"confidence_level":0.95,"lower_bound":512496.4824234667,"upper_bound":519505.0587190491},"point_estimate":515391.556802835,"standard_error":1799.9092091812977},"StdDev":{"confidence_interval":{"confidence_level":0.95,"lower_bound":239712.96407731355,"upper_bound":434473.56821404444},"point_estimate":350275.76945537684,"standard_error":49774.71470090356}}