{"Mean":{"confidence_interval":{"confidence_level":0.95,"lower_bound":6495.1923656083645,"upper_bound":6977.5277275305325},"point_estimate":6755.773435365558,"standard_error":124.30938644826561},"Median":{"confidence_interval":{"confidence_level":0.95,"lower_bound":7114.829606706388,"upper_bound":7235.068981443419},"point_estimate":7194.848072438986,"standard_error":28.7080152626499},"MedianAbsDev":{"confidence_interval":{"confidence_level":0.95,"lower_bound":112.23491295779759,"upper_bound":255.32941182317867},"point_estimate":159.69264116479346,"standard_error":36.879626055102634},"Slope":{"confidence_interval":{"confidence_level":0.95,"lower_bound":7238.2509288615,"upper_bound":7279.498561228893},"point_estimate":7260.009665989653,"standard_error":10.517522308250419},"StdDev":{"confidence_interval":{"confidence_level":0.95,"lower_bound":773.5774871801157,"upper_bound":1619.5566460639766},"point_estimate":1248.5590865417819,"standard_error":217.71564650635432}}