{"Mean":{"confidence_interval":{"confidence_level":0.95,"lower_bound":31528864.939097047,"upper_bound":34512144.008876555},"point_estimate":33068358.786345564,"standard_error":761390.8175375782},"Median":{"confidence_interval":{"confidence_level":0.95,"lower_bound":35713422.57190083,"upper_bound":37269237.00397472},"point_estimate":36658043.572170354,"standard_error":397084.1486360957},"MedianAbsDev":{"confidence_interval":{"confidence_level":0.95,"lower_bound":2022905.9325232962,"upper_bound":4996794.96872561},"point_estimate":3363956.2590454696,"standard_error":822231.5991157759},"Slope":{"confidence_interval":{"confidence_level":0.95,"lower_bound":37350828.484927215,"upper_bound":38323859.24164996},"point_estimate":37858950.57056883,"standard_error":248139.60074468944},"StdDev":{"confidence_interval":{"confidence_level":0.95,"lower_bound":6563510.006360923,"upper_bound":8474644.296749702},"point_estimate":7658724.888777974,"standard_error":490874.3458369681}}