{"Mean":{"confidence_interval":{"confidence_level":0.95,"lower_bound":66118.82603757695,"upper_bound":67493.3381924224},"point_estimate":66825.63721811099,"standard_error":350.2673262603239},"Median":{"confidence_interval":{"confidence_level":0.95,"lower_bound":66376.90098811075,"upper_bound":66835.75989176592},"point_estimate":66633.29083652783,"standard_error":117.81737020987782},"MedianAbsDev":{"confidence_interval":{"confidence_level":0.95,"lower_bound":696.7920899603826,"upper_bound":1348.7711126142237},"point_estimate":1056.7427821223027,"standard_error":170.8430601464854},"Slope":{"confidence_interval":{"confidence_level":0.95,"lower_bound":67063.99095561856,"upper_bound":69037.89058657519},"point_estimate":68054.91461042535,"standard_error":503.87383404940346},"StdDev":{"confidence_interval":{"confidence_level":0.95,"lower_bound":2508.399514765159,"upper_bound":4399.792934450675},"point_estimate":3525.0562153178394,"standard_error":485.6406703641021}}