{"Mean":{"confidence_interval":{"confidence_level":0.95,"lower_bound":180365.00900359976,"upper_bound":186771.43584819595},"point_estimate":183729.82291599535,"standard_error":1639.0543916413262},"Median":{"confidence_interval":{"confidence_level":0.95,"lower_bound":178459.59031868266,"upper_bound":195512.26915203576},"point_estimate":181141.81760210748,"standard_error":5623.99461943652},"MedianAbsDev":{"confidence_interval":{"confidence_level":0.95,"lower_bound":5683.572626711461,"upper_bound":23775.378371354866},"point_estimate":17804.97168651295,"standard_error":5077.721706542303},"Slope":{"confidence_interval":{"confidence_level":0.95,"lower_bound":178682.18612584585,"upper_bound":181714.88734895297},"point_estimate":180035.73105776566,"standard_error":770.853145256767},"StdDev":{"confidence_interval":{"confidence_level":0.95,"lower_bound":12301.757698618145,"upper_bound":20043.38519286641},"point_estimate":16410.824661211478,"standard_error":1979.837175696357}}