{"Mean":{"confidence_interval":{"confidence_level":0.95,"lower_bound":12794.87828908211,"upper_bound":13893.034423021214},"point_estimate":13384.552233373084,"standard_error":280.62453551333266},"Median":{"confidence_interval":{"confidence_level":0.95,"lower_bound":14191.874046185761,"upper_bound":14342.447211746954},"point_estimate":14262.24262103555,"standard_error":35.08472465883752},"MedianAbsDev":{"confidence_interval":{"confidence_level":0.95,"lower_bound":200.2373304471263,"upper_bound":512.712886455139},"point_estimate":290.42051792213874,"standard_error":82.8450261625812},"Slope":{"confidence_interval":{"confidence_level":0.95,"lower_bound":14408.530599241458,"upper_bound":14586.990138116344},"point_estimate":14497.103623282186,"standard_error":45.5208631510536},"StdDev":{"confidence_interval":{"confidence_level":0.95,"lower_bound":1706.1940897848451,"upper_bound":3578.2558602813756},"point_estimate":2811.068798488328,"standard_error":460.11151777744806}}