{"Mean":{"confidence_interval":{"confidence_level":0.95,"lower_bound":10724.895787518059,"upper_bound":11640.96205527805},"point_estimate":11201.822804539937,"standard_error":234.2309331092284},"Median":{"confidence_interval":{"confidence_level":0.95,"lower_bound":11882.053835050641,"upper_bound":12523.219405441805},"point_estimate":12394.910239774503,"standard_error":142.731847358108},"MedianAbsDev":{"confidence_interval":{"confidence_level":0.95,"lower_bound":552.7429568223961,"upper_bound":1558.2766837849406},"point_estimate":797.9157916404479,"standard_error":261.02233990026923},"Slope":{"confidence_interval":{"confidence_level":0.95,"lower_bound":10246.567392570108,"upper_bound":11125.232864999474},"point_estimate":10644.938698093223,"standard_error":224.5397007383647},"StdDev":{"confidence_interval":{"confidence_level":0.95,"lower_bound":1816.6261338378492,"upper_bound":2830.1146350685267},"point_estimate":2356.6651844827356,"standard_error":258.36112493666815}}