{"Mean":{"confidence_interval":{"confidence_level":0.95,"lower_bound":20382017.7468197,"upper_bound":22088270.13901485},"point_estimate":21264503.68021078,"standard_error":435775.4939992923},"Median":{"confidence_interval":{"confidence_level":0.95,"lower_bound":22351648.06270074,"upper_bound":23432222.117675636},"point_estimate":23029142.042424243,"standard_error":212457.5076273646},"MedianAbsDev":{"confidence_interval":{"confidence_level":0.95,"lower_bound":1556063.199501326,"upper_bound":3077381.553921141},"point_estimate":2115608.6493586865,"standard_error":355331.7873949461},"Slope":{"confidence_interval":{"confidence_level":0.95,"lower_bound":23341428.123146795,"upper_bound":23902234.80637823},"point_estimate":23623901.903974444,"standard_error":143168.53174986542},"StdDev":{"confidence_interval":{"confidence_level":0.95,"lower_bound":3659194.20896247,"upper_bound":4944357.460390729},"point_estimate":4382086.148836179,"standard_error":328313.06817873725}}