{"Mean":{"confidence_interval":{"confidence_level":0.95,"lower_bound":46676.8031934008,"upper_bound":55009.29283499275},"point_estimate":50877.767398462456,"standard_error":2126.2671141786363},"Median":{"confidence_interval":{"confidence_level":0.95,"lower_bound":63964.14995013184,"upper_bound":65033.0988117522},"point_estimate":64601.79055271736,"standard_error":477.76104555550484},"MedianAbsDev":{"confidence_interval":{"confidence_level":0.95,"lower_bound":1149.1731264401838,"upper_bound":3436.94661753722},"point_estimate":1715.0150975832569,"standard_error":727.0568840443912},"Slope":{"confidence_interval":{"confidence_level":0.95,"lower_bound":63422.71115812032,"upper_bound":65388.43088958675},"point_estimate":64535.57597440335,"standard_error":499.84690572679517},"StdDev":{"confidence_interval":{"confidence_level":0.95,"lower_bound":19196.135210332042,"upper_bound":22616.485101326987},"point_estimate":21341.743131622938,"standard_error":880.6155463644784}}