{"Mean":{"confidence_interval":{"confidence_level":0.95,"lower_bound":0.030143661496379925,"upper_bound":0.1132797369512713},"point_estimate":0.07175385919329558,"standard_error":0.021101760711952206},"Median":{"confidence_interval":{"confidence_level":0.95,"lower_bound":0.17622729402899306,"upper_bound":0.21304232574612536},"point_estimate":0.20448441084836344,"standard_error":0.00913929302569662}}