{"Mean":{"confidence_interval":{"confidence_level":0.95,"lower_bound":110746838.88741133,"upper_bound":113803357.06406227},"point_estimate":112294168.77469179,"standard_error":781059.2335325723},"Median":{"confidence_interval":{"confidence_level":0.95,"lower_bound":111248989.97720797,"upper_bound":115909362.40620878},"point_estimate":112184000.26289868,"standard_error":1431921.3482810063},"MedianAbsDev":{"confidence_interval":{"confidence_level":0.95,"lower_bound":7264783.133527657,"upper_bound":12267819.830756824},"point_estimate":10583055.12231253,"standard_error":1342066.9888934346},"Slope":{"confidence_interval":{"confidence_level":0.95,"lower_bound":117674725.00875382,"upper_bound":119375316.39794223},"point_estimate":118620993.9285871,"standard_error":432326.5745229009},"StdDev":{"confidence_interval":{"confidence_level":0.95,"lower_bound":7037508.600182749,"upper_bound":8521901.694488907},"point_estimate":7855731.355060516,"standard_error":377958.7541182318}}