{"Mean":{"confidence_interval":{"confidence_level":0.95,"lower_bound":197753611.5404626,"upper_bound":200718050.9599006},"point_estimate":199283791.71272403,"standard_error":757593.6759114286},"Median":{"confidence_interval":{"confidence_level":0.95,"lower_bound":201688654.3713496,"upper_bound":203255408.39880952},"point_estimate":202482428.29122174,"standard_error":405313.5928340142},"MedianAbsDev":{"confidence_interval":{"confidence_level":0.95,"lower_bound":1948822.1476364322,"upper_bound":4185481.1568346587},"point_estimate":2551248.337251381,"standard_error":568894.5287623564},"Slope":{"confidence_interval":{"confidence_level":0.95,"lower_bound":202709002.28666553,"upper_bound":204031997.39169154},"point_estimate":203360054.01026008,"standard_error":337479.2626677532},"StdDev":{"confidence_interval":{"confidence_level":0.95,"lower_bound":6389334.811820711,"upper_bound":8576899.839370726},"point_estimate":7619911.041936036,"standard_error":558649.1517956519}}