{"Mean":{"confidence_interval":{"confidence_level":0.95,"lower_bound":0.022758964810606998,"upper_bound":0.09550449805521256},"point_estimate":0.06055635247408864,"standard_error":0.019811690085680934},"Median":{"confidence_interval":{"confidence_level":0.95,"lower_bound":0.10395375358024417,"upper_bound":0.13549850464099422},"point_estimate":0.11994265596033826,"standard_error":0.007526591678374596}}