{"Mean":{"confidence_interval":{"confidence_level":0.95,"lower_bound":61345045.22660298,"upper_bound":66815330.5285239},"point_estimate":64035538.35061056,"standard_error":1390983.5963251602},"Median":{"confidence_interval":{"confidence_level":0.95,"lower_bound":58438812.13342817,"upper_bound":61304375.76395908},"point_estimate":59800038.614946455,"standard_error":832226.5319449699},"MedianAbsDev":{"confidence_interval":{"confidence_level":0.95,"lower_bound":9293186.472149659,"upper_bound":18574065.99064355},"point_estimate":13344817.987442454,"standard_error":2375356.4168535545},"Slope":{"confidence_interval":{"confidence_level":0.95,"lower_bound":72947671.72661082,"upper_bound":78705377.3742658},"point_estimate":76101469.08294044,"standard_error":1462741.0097661465},"StdDev":{"confidence_interval":{"confidence_level":0.95,"lower_bound":12473720.503766399,"upper_bound":15236953.016912308},"point_estimate":14013749.749699254,"standard_error":703950.2939739821}}