{"Mean":{"confidence_interval":{"confidence_level":0.95,"lower_bound":62521.78131135124,"upper_bound":79440.7425376311},"point_estimate":70927.00032854089,"standard_error":4351.1377645401735},"Median":{"confidence_interval":{"confidence_level":0.95,"lower_bound":39180.35909437394,"upper_bound":40495.77202567486},"point_estimate":39452.50207863383,"standard_error":3658.8852616710765},"MedianAbsDev":{"confidence_interval":{"confidence_level":0.95,"lower_bound":584.7391898635307,"upper_bound":12320.383202267549},"point_estimate":981.1430298857058,"standard_error":3457.0060079380214},"Slope":{"confidence_interval":{"confidence_level":0.95,"lower_bound":95782.74665101511,"upper_bound":112450.08854982682},"point_estimate":105104.26867862033,"standard_error":4264.107329017652},"StdDev":{"confidence_interval":{"confidence_level":0.95,"lower_bound":40225.73768175613,"upper_bound":45339.31761038763},"point_estimate":43658.790682435225,"standard_error":1336.7712517748096}}