{"Mean":{"confidence_interval":{"confidence_level":0.95,"lower_bound":165652.45916184568,"upper_bound":170245.43439394215},"point_estimate":167748.2105530881,"standard_error":1170.0630411977481},"Median":{"confidence_interval":{"confidence_level":0.95,"lower_bound":164173.65990944538,"upper_bound":166991.44011779648},"point_estimate":164772.55242611075,"standard_error":686.4769811458013},"MedianAbsDev":{"confidence_interval":{"confidence_level":0.95,"lower_bound":2530.7439150646064,"upper_bound":6343.582404076702},"point_estimate":4188.833638870065,"standard_error":829.1887627146991},"Slope":{"confidence_interval":{"confidence_level":0.95,"lower_bound":166275.79416651017,"upper_bound":169197.79302904158},"point_estimate":167636.8909667178,"standard_error":746.7092884042139},"StdDev":{"confidence_interval":{"confidence_level":0.95,"lower_bound":6667.582617432779,"upper_bound":17245.90728159429},"point_estimate":11787.182058081096,"standard_error":2988.6803733746824}}