{"Mean":{"confidence_interval":{"confidence_level":0.95,"lower_bound":101250321.46506603,"upper_bound":105795042.96818979},"point_estimate":103548253.18571758,"standard_error":1158666.1900405614},"Median":{"confidence_interval":{"confidence_level":0.95,"lower_bound":102147166.13410932,"upper_bound":107981311.84615384},"point_estimate":105480905.53631485,"standard_error":1660912.7853036223},"MedianAbsDev":{"confidence_interval":{"confidence_level":0.95,"lower_bound":8519012.112673653,"upper_bound":15231131.080751747},"point_estimate":11327973.451376207,"standard_error":1689278.5803862552},"Slope":{"confidence_interval":{"confidence_level":0.95,"lower_bound":108941788.59067647,"upper_bound":113466915.77529939},"point_estimate":111283919.06016347,"standard_error":1158346.2610605631},"StdDev":{"confidence_interval":{"confidence_level":0.95,"lower_bound":10212318.086443948,"upper_bound":12838558.023500463},"point_estimate":11631541.624911591,"standard_error":668878.5768355314}}