{"Mean":{"confidence_interval":{"confidence_level":0.95,"lower_bound":3468.9846382358687,"upper_bound":3684.2943329647437},"point_estimate":3584.0211668738107,"standard_error":55.08556544742586},"Median":{"confidence_interval":{"confidence_level":0.95,"lower_bound":3744.33419879949,"upper_bound":3814.562554495733},"point_estimate":3794.371631436075,"standard_error":15.733144380072021},"MedianAbsDev":{"confidence_interval":{"confidence_level":0.95,"lower_bound":89.17238253222632,"upper_bound":182.58131325534205},"point_estimate":128.51957185817196,"standard_error":21.83245949466779},"Slope":{"confidence_interval":{"confidence_level":0.95,"lower_bound":3825.9631630190406,"upper_bound":3853.444404318046},"point_estimate":3840.5877364037988,"standard_error":7.009814136444734},"StdDev":{"confidence_interval":{"confidence_level":0.95,"lower_bound":366.71500987676865,"upper_bound":709.8815204369619},"point_estimate":555.6143346368319,"standard_error":87.51032012214368}}