{"Mean":{"confidence_interval":{"confidence_level":0.95,"lower_bound":30090.69378832204,"upper_bound":33918.337851216435},"point_estimate":32041.610475429123,"standard_error":975.5168098190669},"Median":{"confidence_interval":{"confidence_level":0.95,"lower_bound":28832.532742553965,"upper_bound":38773.33803121591},"point_estimate":35186.467090275066,"standard_error":2201.1240939916906},"MedianAbsDev":{"confidence_interval":{"confidence_level":0.95,"lower_bound":4637.995412246087,"upper_bound":17373.010168376488},"point_estimate":9548.573661463262,"standard_error":2614.867749216033},"Slope":{"confidence_interval":{"confidence_level":0.95,"lower_bound":36935.79223544117,"upper_bound":38580.79614695764},"point_estimate":37762.43517778649,"standard_error":419.77619023516604},"StdDev":{"confidence_interval":{"confidence_level":0.95,"lower_bound":8545.771359104732,"upper_bound":10822.998261471721},"point_estimate":9819.32798371947,"standard_error":579.4234008947943}}