{"Mean":{"confidence_interval":{"confidence_level":0.95,"lower_bound":287977222.94296855,"upper_bound":315768008.9743259},"point_estimate":302022187.164643,"standard_error":7091496.465832926},"Median":{"confidence_interval":{"confidence_level":0.95,"lower_bound":301680688.6876475,"upper_bound":347238912.9099994},"point_estimate":340014748.5060054,"standard_error":11582575.279530253},"MedianAbsDev":{"confidence_interval":{"confidence_level":0.95,"lower_bound":35415492.79515395,"upper_bound":95068670.87634864},"point_estimate":53251659.084329456,"standard_error":15263454.092587845},"Slope":{"confidence_interval":{"confidence_level":0.95,"lower_bound":349017187.39100116,"upper_bound":360205995.8913903},"point_estimate":355228089.10056186,"standard_error":2864141.223442235},"StdDev":{"confidence_interval":{"confidence_level":0.95,"lower_bound":64298645.84823719,"upper_bound":75399131.28022999},"point_estimate":70698089.03150155,"standard_error":2822763.924468076}}