{"Mean":{"confidence_interval":{"confidence_level":0.95,"lower_bound":11296791.06896593,"upper_bound":12089045.69280373},"point_estimate":11700149.535112072,"standard_error":202563.4587694356},"Median":{"confidence_interval":{"confidence_level":0.95,"lower_bound":11365070.057142857,"upper_bound":12029086.575961636},"point_estimate":11657238.38090184,"standard_error":147559.60807479869},"MedianAbsDev":{"confidence_interval":{"confidence_level":0.95,"lower_bound":1040587.7695641879,"upper_bound":1758407.1910572588},"point_estimate":1375250.1884208454,"standard_error":182814.09781240454},"Slope":{"confidence_interval":{"confidence_level":0.95,"lower_bound":11865238.524627825,"upper_bound":12534104.606605636},"point_estimate":12188572.646182824,"standard_error":170910.122065786},"StdDev":{"confidence_interval":{"confidence_level":0.95,"lower_bound":1654067.596569187,"upper_bound":2366825.005592154},"point_estimate":2035356.9583110705,"standard_error":182093.50606711677}}