{"Mean":{"confidence_interval":{"confidence_level":0.95,"lower_bound":96766702.9502823,"upper_bound":100108841.79880558},"point_estimate":98324647.38356373,"standard_error":855417.657591849},"Median":{"confidence_interval":{"confidence_level":0.95,"lower_bound":96541500.05430712,"upper_bound":99718704.97478071},"point_estimate":98041940.05077031,"standard_error":814529.6817716678},"MedianAbsDev":{"confidence_interval":{"confidence_level":0.95,"lower_bound":5719324.444413126,"upper_bound":9465575.299974957},"point_estimate":7844613.302747854,"standard_error":1010455.5992994545},"Slope":{"confidence_interval":{"confidence_level":0.95,"lower_bound":95625030.28662929,"upper_bound":98717686.22022343},"point_estimate":97084638.13300256,"standard_error":788201.6725623165},"StdDev":{"confidence_interval":{"confidence_level":0.95,"lower_bound":5647514.4106323,"upper_bound":11816460.73874429},"point_estimate":8565142.23364945,"standard_error":1695149.5003961255}}