{"Mean":{"confidence_interval":{"confidence_level":0.95,"lower_bound":1662780.7665268618,"upper_bound":1881163.7589516607},"point_estimate":1766458.695845148,"standard_error":56122.05810152716},"Median":{"confidence_interval":{"confidence_level":0.95,"lower_bound":1542670.549918645,"upper_bound":1560046.4610744931},"point_estimate":1552241.5250348705,"standard_error":3965.150523808123},"MedianAbsDev":{"confidence_interval":{"confidence_level":0.95,"lower_bound":26548.61966207731,"upper_bound":51167.471125126795},"point_estimate":33058.6791560266,"standard_error":8219.165777019105},"Slope":{"confidence_interval":{"confidence_level":0.95,"lower_bound":1503555.7324000685,"upper_bound":1549664.4412668152},"point_estimate":1524108.6679935192,"standard_error":11762.924493464947},"StdDev":{"confidence_interval":{"confidence_level":0.95,"lower_bound":429654.78866375046,"upper_bound":665265.103096999},"point_estimate":562490.938819,"standard_error":60471.414478159226}}