{"Mean":{"confidence_interval":{"confidence_level":0.95,"lower_bound":1503720.4777220187,"upper_bound":1693220.1428991253},"point_estimate":1593379.62397134,"standard_error":48517.918579451965},"Median":{"confidence_interval":{"confidence_level":0.95,"lower_bound":1432718.8731853794,"upper_bound":1436781.1719922381},"point_estimate":1434945.9969359613,"standard_error":1102.803757927757},"MedianAbsDev":{"confidence_interval":{"confidence_level":0.95,"lower_bound":8993.114683056676,"upper_bound":230358.8004878612},"point_estimate":19841.881628681094,"standard_error":77828.00365967548},"Slope":{"confidence_interval":{"confidence_level":0.95,"lower_bound":1338804.5163503576,"upper_bound":1389800.2099249675},"point_estimate":1361487.6716658557,"standard_error":12994.866407595471},"StdDev":{"confidence_interval":{"confidence_level":0.95,"lower_bound":368917.41712797224,"upper_bound":580402.3367796633},"point_estimate":487442.73519699083,"standard_error":53917.26131805182}}