{"Mean":{"confidence_interval":{"confidence_level":0.95,"lower_bound":189609.88431646503,"upper_bound":195333.5838244113},"point_estimate":192733.18210710213,"standard_error":1466.9590428977551},"Median":{"confidence_interval":{"confidence_level":0.95,"lower_bound":196206.36755593398,"upper_bound":196688.20620579628},"point_estimate":196438.4045931431,"standard_error":131.81399480473377},"MedianAbsDev":{"confidence_interval":{"confidence_level":0.95,"lower_bound":865.3826445511329,"upper_bound":1488.610150803794},"point_estimate":1126.0656942949179,"standard_error":153.94749770771537},"Slope":{"confidence_interval":{"confidence_level":0.95,"lower_bound":196478.6443960494,"upper_bound":196726.57480897103},"point_estimate":196604.89660092117,"standard_error":63.04106508341934},"StdDev":{"confidence_interval":{"confidence_level":0.95,"lower_bound":8099.073158060368,"upper_bound":19707.85578109378},"point_estimate":14766.921798865684,"standard_error":2955.569041265867}}