{"Mean":{"confidence_interval":{"confidence_level":0.95,"lower_bound":155012708.14894482,"upper_bound":168900358.15423945},"point_estimate":161963148.7659151,"standard_error":3549459.243847231},"Median":{"confidence_interval":{"confidence_level":0.95,"lower_bound":163737181.6924023,"upper_bound":172041876.95083854},"point_estimate":168294364.41907722,"standard_error":2069687.65081083},"MedianAbsDev":{"confidence_interval":{"confidence_level":0.95,"lower_bound":28522703.29650784,"upper_bound":45826040.87907434},"point_estimate":38375034.43103947,"standard_error":4053922.8859332437},"Slope":{"confidence_interval":{"confidence_level":0.95,"lower_bound":183472317.62925032,"upper_bound":190822474.63522804},"point_estimate":187414587.39209175,"standard_error":1864032.2957171202},"StdDev":{"confidence_interval":{"confidence_level":0.95,"lower_bound":31219844.04507698,"upper_bound":39210144.79982168},"point_estimate":35517357.93607185,"standard_error":2046384.7342828226}}