{"Mean":{"confidence_interval":{"confidence_level":0.95,"lower_bound":308695.98576787784,"upper_bound":341293.69520408235},"point_estimate":322740.0421706837,"standard_error":8429.149565609892},"Median":{"confidence_interval":{"confidence_level":0.95,"lower_bound":294906.2161993655,"upper_bound":319917.57998863823},"point_estimate":295672.18836871453,"standard_error":8201.094508061422},"MedianAbsDev":{"confidence_interval":{"confidence_level":0.95,"lower_bound":3367.0387807706898,"upper_bound":33727.39576294274},"point_estimate":5705.136287962836,"standard_error":10017.223639035072},"Slope":{"confidence_interval":{"confidence_level":0.95,"lower_bound":300620.69888718193,"upper_bound":308863.6867103919},"point_estimate":304745.59051024716,"standard_error":2102.2486638713817},"StdDev":{"confidence_interval":{"confidence_level":0.95,"lower_bound":20837.674244679605,"upper_bound":128367.59482934221},"point_estimate":84911.5588910102,"standard_error":26965.905120784944}}