{"Mean":{"confidence_interval":{"confidence_level":0.95,"lower_bound":1732278.2358948942,"upper_bound":2293917.489326927},"point_estimate":2007643.921211931,"standard_error":143768.5643545414},"Median":{"confidence_interval":{"confidence_level":0.95,"lower_bound":1018266.7823814857,"upper_bound":1031668.1410281608},"point_estimate":1022954.9471606466,"standard_error":27278.705651912634},"MedianAbsDev":{"confidence_interval":{"confidence_level":0.95,"lower_bound":6065.399143792046,"upper_bound":26129.614003471135},"point_estimate":12538.720332781953,"standard_error":39194.391732434204},"Slope":{"confidence_interval":{"confidence_level":0.95,"lower_bound":1128169.5067144143,"upper_bound":1325053.2042241252},"point_estimate":1211498.8906148674,"standard_error":50361.666368658625},"StdDev":{"confidence_interval":{"confidence_level":0.95,"lower_bound":1271554.9774303746,"upper_bound":1575362.0675899605},"point_estimate":1448159.6160387727,"standard_error":77651.66934759099}}