{"Mean":{"confidence_interval":{"confidence_level":0.95,"lower_bound":419310.2711541477,"upper_bound":433017.0773253276},"point_estimate":426462.2972353694,"standard_error":3493.372413963972},"Median":{"confidence_interval":{"confidence_level":0.95,"lower_bound":436993.2093822508,"upper_bound":445227.15485909034},"point_estimate":442336.0907503307,"standard_error":3336.7667733372446},"MedianAbsDev":{"confidence_interval":{"confidence_level":0.95,"lower_bound":10541.818901556351,"upper_bound":38238.1493452314},"point_estimate":20834.472035428895,"standard_error":7107.842688024155},"Slope":{"confidence_interval":{"confidence_level":0.95,"lower_bound":410131.22854588315,"upper_bound":420818.39086159965},"point_estimate":414927.24853512517,"standard_error":2724.219486732603},"StdDev":{"confidence_interval":{"confidence_level":0.95,"lower_bound":26462.14912828306,"upper_bound":43373.78568733203},"point_estimate":35238.48303264018,"standard_error":4318.393206091736}}