{"Mean":{"confidence_interval":{"confidence_level":0.95,"lower_bound":288465553.4929956,"upper_bound":312699001.666075},"point_estimate":300815745.205272,"standard_error":6209896.59718965},"Median":{"confidence_interval":{"confidence_level":0.95,"lower_bound":298858399.66043085,"upper_bound":335101358.5172654},"point_estimate":308702727.8455143,"standard_error":10452115.158016264},"MedianAbsDev":{"confidence_interval":{"confidence_level":0.95,"lower_bound":44583396.855037995,"upper_bound":83602029.32491112},"point_estimate":66420355.58710691,"standard_error":11159030.64976696},"Slope":{"confidence_interval":{"confidence_level":0.95,"lower_bound":341211633.4300701,"upper_bound":351625131.14179164},"point_estimate":346984138.7295219,"standard_error":2674956.0420733},"StdDev":{"confidence_interval":{"confidence_level":0.95,"lower_bound":54671369.75925879,"upper_bound":68451475.74889798},"point_estimate":62426445.60061558,"standard_error":3525113.796201284}}