{"Mean":{"confidence_interval":{"confidence_level":0.95,"lower_bound":17832767.100900225,"upper_bound":19944894.789454058},"point_estimate":18919214.225643203,"standard_error":538337.3366064472},"Median":{"confidence_interval":{"confidence_level":0.95,"lower_bound":19452507.9823414,"upper_bound":20783233.20303757},"point_estimate":20075240.665016558,"standard_error":336043.5123916229},"MedianAbsDev":{"confidence_interval":{"confidence_level":0.95,"lower_bound":2106216.909465215,"upper_bound":5927717.519476384},"point_estimate":2828499.4442538503,"standard_error":1102048.4738077896},"Slope":{"confidence_interval":{"confidence_level":0.95,"lower_bound":22154438.166512772,"upper_bound":23351600.832416873},"point_estimate":22789645.195925355,"standard_error":306398.8309614674},"StdDev":{"confidence_interval":{"confidence_level":0.95,"lower_bound":4464877.64341704,"upper_bound":6158966.796237028},"point_estimate":5394471.660538897,"standard_error":431807.7012739478}}