{"Mean":{"confidence_interval":{"confidence_level":0.95,"lower_bound":67133344.5441258,"upper_bound":74515393.15146005},"point_estimate":70791586.57777189,"standard_error":1878517.8201706777},"Median":{"confidence_interval":{"confidence_level":0.95,"lower_bound":57251153.03393705,"upper_bound":76879338.41428572},"point_estimate":60641480.554749176,"standard_error":6501850.671035548},"MedianAbsDev":{"confidence_interval":{"confidence_level":0.95,"lower_bound":8719894.114549004,"upper_bound":29330220.070836924},"point_estimate":17227097.963439,"standard_error":5948045.2134587485},"Slope":{"confidence_interval":{"confidence_level":0.95,"lower_bound":79737039.7684958,"upper_bound":85163647.47996947},"point_estimate":82518477.99467218,"standard_error":1384419.6958018285},"StdDev":{"confidence_interval":{"confidence_level":0.95,"lower_bound":17015619.88661751,"upper_bound":20284405.42840921},"point_estimate":18823996.620491788,"standard_error":831131.4630645841}}