{"Mean":{"confidence_interval":{"confidence_level":0.95,"lower_bound":94167.63187190548,"upper_bound":104046.68557504304},"point_estimate":98956.36118057415,"standard_error":2524.7771538316415},"Median":{"confidence_interval":{"confidence_level":0.95,"lower_bound":89478.08659114307,"upper_bound":89695.57066545772},"point_estimate":89558.55087880004,"standard_error":57.05719096016947},"MedianAbsDev":{"confidence_interval":{"confidence_level":0.95,"lower_bound":345.526639965804,"upper_bound":1133.2084175973444},"point_estimate":651.8318010000372,"standard_error":198.016603902027},"Slope":{"confidence_interval":{"confidence_level":0.95,"lower_bound":108082.02376249223,"upper_bound":124799.60843639087},"point_estimate":117009.9767309299,"standard_error":4269.223451930344},"StdDev":{"confidence_interval":{"confidence_level":0.95,"lower_bound":20763.61569725814,"upper_bound":28817.038184302684},"point_estimate":25373.015393645434,"standard_error":2057.9876991039905}}